,brand,name,info,type,km,year,accident,color,location,price,wd
40,지프,글래디에이터,3.6 루비콘,가솔린,6732,2020,무사고,검정색,서울,6199,2WD
69,지프,체로키,2.4 론지튜드 하이 AWD,가솔린,19367,2018,무사고,검정색,경기,2590,AWD
81,지프,컴패스,2.4 론지튜드,가솔린,21001,2019,무사고,검정색,경기,2490,2WD
101,지프,레니게이드,2.4 리미티드,가솔린,6892,2021,무사고,검정색,서울,3250,2WD
116,지프,체로키,3.6 오버랜드,가솔린,10305,2021,무사고,검정색,부산,4990,2WD
122,지프,랭글러,2.0 루비콘 2도어,가솔린,2536,2021,무사고,검정색,부산,5190,2WD
126,지프,체로키,3.6 오버랜드,가솔린,27620,2019,무사고,검정색,서울,4149,2WD
132,지프,체로키,3.6 80주년 에디션,가솔린,1344,2021,무사고,검정색,경기,4950,2WD
138,지프,체로키,3.6 리미티드-X,가솔린,21454,2020,무사고,검정색,경기,4349,2WD
151,지프,체로키,3.6 리미티드-X,가솔린,21454,2020,무사고,검정색,경기,4349,2WD
169,지프,체로키,3.0 디젤 오버랜드서밋,디젤,128505,2015,무사고,검정색,대구,2799,2WD
183,지프,체로키,3.0 디젤 오버랜드서밋,디젤,79130,2016,무사고,검정색,인천,3350,2WD
200,지프,체로키,3.0 디젤 오버랜드서밋,디젤,142799,2014,무사고,검정색,경기,2180,2WD
222,지프,체로키,3.0 디젤 오버랜드서밋,디젤,37505,2018,무사고,검정색,인천,4680,2WD
282,지프,체로키,3.6 리미티드,가솔린,32546,2018,무사고,검정색,경기,3350,2WD
291,지프,체로키,3.6 리미티드,가솔린,163660,2015,무사고,검정색,경기,2190,2WD
368,지프,레니게이드,2.4 리미티드,가솔린,10084,2021,무사고,검정색,인천,3240,2WD
370,지프,랭글러,2.8 디젤 사하라 4도어,디젤,105094,2013,무사고,검정색,경기,2850,2WD
393,지프,체로키,2.4 론지튜드 AWD,가솔린,51496,2017,무사고,검정색,서울,1930,AWD
407,지프,레니게이드,2.0 디젤 트레일호크 AWD,디젤,44200,2018,무사고,검정색,인천,2370,AWD
411,지프,체로키,3.0 디젤 오버랜드서밋,디젤,70709,2015,무사고,검정색,서울,2950,2WD
440,지프,컴패스,2.4 리미티드,가솔린,50487,2014,무사고,검정색,경기,1310,2WD
445,지프,체로키,2.0 디젤 론지튜드 AWD,디젤,123712,2015,무사고,검정색,인천,1550,AWD
446,지프,체로키,2.4 론지튜드 하이 AWD,가솔린,80759,2017,무사고,검정색,경기,2260,AWD
450,지프,체로키,3.0 디젤 오버랜드서밋,디젤,67940,2014,무사고,검정색,경기,3050,2WD
547,지프,체로키,3.6 오버랜드,가솔린,25269,2019,무사고,검정색,경기,3860,2WD
558,지프,랭글러,3.6 루비콘 4도어,가솔린,71987,2016,무사고,검정색,경기,4800,2WD
656,지프,체로키,2.4 론지튜드 AWD,가솔린,57989,2016,무사고,검정색,충북,1990,AWD
658,지프,체로키,3.6 오버랜드,가솔린,6267,2020,무사고,검정색,경기,4890,2WD
692,지프,체로키,2.4 론지튜드 하이 AWD,가솔린,30765,2019,무사고,검정색,광주,2890,AWD
809,지프,랭글러,2.8 디젤 사하라 2도어,디젤,121244,2012,무사고,검정색,서울,2350,2WD
823,지프,레니게이드,2.4 리미티드,가솔린,19259,2019,무사고,검정색,경기,2790,2WD
842,지프,레니게이드,2.0 디젤 리미티드 AWD,디젤,18801,2017,무사고,검정색,경기,2450,AWD
866,지프,체로키,3.0 디젤 오버랜드,디젤,52248,2018,무사고,검정색,인천,3990,2WD
868,지프,랭글러,2.0 오버랜드 4도어,가솔린,15646,2020,무사고,검정색,광주,5700,2WD
870,지프,체로키,2.2 디젤 리미티드 4WD,디젤,48262,2016,무사고,검정색,경기,2450,4WD
941,지프,레니게이드,2.4 리미티드,가솔린,17213,2020,무사고,검정색,경기,2890,2WD
963,지프,랭글러,2.0 오버랜드 4도어,가솔린,21711,2020,무사고,검정색,광주,6200,2WD
968,지프,체로키,3.6 오버랜드,가솔린,19510,2018,무사고,검정색,서울,3750,2WD
969,지프,체로키,3.0 디젤 오버랜드서밋,디젤,115097,2014,무사고,검정색,경기,2450,2WD
970,지프,레니게이드,2.4 리미티드,가솔린,11709,2020,무사고,검정색,서울,2980,2WD
1017,지프,체로키,3.6 오버랜드,가솔린,48378,2019,무사고,검정색,서울,3850,2WD
1022,지프,체로키,3.0 디젤 오버랜드서밋,디젤,46981,2016,무사고,검정색,경기,3680,2WD
1091,지프,체로키,3.0 디젤 오버랜드서밋,디젤,147119,2015,무사고,검정색,경기,2350,2WD
1115,지프,체로키,3.6 리미티드,가솔린,31398,2019,무사고,검정색,경기,3650,2WD
1128,지프,랭글러,3.6 스포츠 2도어,가솔린,60184,2016,무사고,검정색,경기,2680,2WD
1175,지프,랭글러,2.0 루비콘 2도어,가솔린,17564,2020,무사고,검정색,서울,4990,2WD
1179,지프,체로키,3.6 오버랜드,가솔린,9350,2020,무사고,검정색,경기,4790,2WD
1224,지프,체로키,3.0 디젤 오버랜드서밋,디젤,59270,2015,무사고,검정색,경기,3190,2WD
1227,지프,컴패스,2.4 리미티드,가솔린,66431,2012,무사고,검정색,경기,960,2WD
1232,지프,체로키,3.0 디젤 라레도,디젤,178408,2012,무사고,검정색,인천,1160,2WD
1245,지프,체로키,3.0 디젤 라레도,디젤,168912,2011,무사고,검정색,경기,1340,2WD
1257,지프,랭글러,2.0 루비콘 하이 4도어,가솔린,35534,2018,무사고,검정색,충남,4936,2WD
1258,지프,컴패스,2.4 리미티드,가솔린,151236,2014,무사고,검정색,서울,870,2WD
1269,지프,레니게이드,2.4 리미티드,가솔린,20701,2019,무사고,검정색,서울,2730,2WD
1277,지프,체로키,3.6 오버랜드,가솔린,12898,2020,무사고,검정색,서울,4550,2WD
1279,지프,레니게이드,2.0 디젤 리미티드 AWD,디젤,132609,2015,무사고,검정색,경기,1590,AWD
1301,지프,체로키,2.0 디젤 론지튜드 AWD,디젤,68644,2015,무사고,검정색,경기,1980,AWD
1303,지프,레니게이드,2.4 리미티드 AWD,가솔린,12961,2019,무사고,검정색,광주,2990,AWD
1333,지프,체로키,3.0 디젤 오버랜드,디젤,98652,2016,무사고,검정색,경기,3099,2WD
1335,지프,체로키,3.0 디젤 오버랜드서밋,디젤,78227,2015,무사고,검정색,경기,3130,2WD
1350,지프,랭글러,4.0,가솔린,171971,1999,무사고,검정색,경기,1500,2WD
1404,지프,체로키,2.4 론지튜드 하이 AWD,가솔린,34915,2018,무사고,검정색,경기,2590,AWD
1422,지프,랭글러,3.6 루비콘 4도어,가솔린,122457,2017,무사고,검정색,충남,2890,2WD
1423,지프,체로키,3.6 리미티드,가솔린,16081,2018,무사고,검정색,경기,3470,2WD
1444,지프,랭글러,3.6 루비콘 2도어,가솔린,68121,2016,무사고,검정색,경기,3350,2WD
1459,지프,컴패스,2.4 리미티드,가솔린,110189,2010,무사고,검정색,경기,550,2WD
1485,지프,체로키,2.4 론지튜드 하이 AWD,가솔린,40111,2019,무사고,검정색,경기,2580,AWD
1524,지프,체로키,3.0 디젤 오버랜드서밋,디젤,29917,2018,무사고,검정색,경기,4690,2WD
1564,지프,체로키,2.2 디젤 리미티드 4WD,디젤,80132,2016,무사고,검정색,경기,2280,4WD
1567,지프,랭글러,3.6 사하라 4도어,가솔린,77441,2017,무사고,검정색,울산,3550,2WD
1616,지프,랭글러,2.8 디젤 루비콘 2도어,디젤,54412,2014,무사고,검정색,경기,2790,2WD
1626,지프,체로키,2.2 디젤 리미티드 4WD,디젤,82959,2016,무사고,검정색,경기,1840,4WD
1669,지프,체로키,3.2 오버랜드 AWD,가솔린,12237,2020,무사고,검정색,부산,3690,AWD
1741,지프,레니게이드,2.4 론지튜드,가솔린,51993,2016,무사고,검정색,부산,1850,2WD
1788,지프,레니게이드,2.4 리미티드,가솔린,5485,2020,무사고,검정색,경기,2990,2WD
1815,지프,컴패스,2.4 리미티드,가솔린,33096,2016,무사고,검정색,경기,1550,2WD
1945,지프,체로키,2.4 론지튜드 하이 AWD,가솔린,21713,2019,무사고,검정색,경기,3040,AWD
1956,지프,체로키,3.0 디젤 오버랜드서밋,디젤,94503,2015,무사고,검정색,충북,3180,2WD
2065,지프,체로키,2.4 론지튜드 AWD,가솔린,45225,2019,무사고,검정색,경기,2500,AWD
2067,지프,컴패스,2.4 리미티드,가솔린,219067,2008,무사고,검정색,경기,390,2WD
2089,지프,체로키,3.0 디젤 오버랜드서밋,디젤,132276,2014,무사고,검정색,경기,2330,2WD
2098,지프,체로키,3.0 디젤 오버랜드서밋,디젤,101880,2015,무사고,검정색,부산,2980,2WD
2109,지프,체로키,3.6 리미티드-X,가솔린,26696,2020,무사고,검정색,경기,4350,2WD
2124,지프,체로키,3.0 디젤 오버랜드서밋,디젤,99562,2015,무사고,검정색,경기,2790,2WD
2151,지프,체로키,3.0 디젤 리미티드,디젤,102033,2014,무사고,검정색,충북,2380,2WD
2166,지프,체로키,3.6 리미티드,가솔린,57583,2019,무사고,검정색,부산,3150,2WD
2199,지프,레니게이드,2.4 리미티드,가솔린,4205,2021,무사고,검정색,경기,3250,2WD
2310,지프,체로키,3.6 오버랜드,가솔린,18380,2019,무사고,검정색,충북,4290,2WD
2366,지프,체로키,3.6 서밋,가솔린,54686,2019,무사고,검정색,경기,4390,2WD
2441,지프,체로키,3.0 디젤 오버랜드서밋,디젤,39347,2018,무사고,검정색,서울,4530,2WD
2468,지프,체로키,3.0 디젤 오버랜드,디젤,159922,2014,무사고,검정색,경기,2130,2WD
2514,지프,랭글러,3.6 스포츠 2도어,가솔린,33274,2017,무사고,검정색,경기,2990,2WD
2529,지프,체로키,4.7 리미티드,가솔린,84690,2007,무사고,검정색,서울,770,2WD
2623,지프,글래디에이터,3.6 루비콘,가솔린,17124,2021,무사고,검정색,경기,6370,2WD
2678,지프,체로키,2.2 디젤 리미티드 4WD,디젤,91065,2017,무사고,검정색,경기,2250,4WD
2749,지프,체로키,3.6 오버랜드,가솔린,38234,2017,무사고,검정색,경기,3700,2WD
2766,지프,체로키,2.4 론지튜드 하이 AWD,가솔린,20994,2018,무사고,흰색,경기,2720,AWD
2809,지프,랭글러,2.8 디젤 루비콘 2도어,디젤,62073,2011,무사고,흰색,경기,2400,2WD
2856,지프,랭글러,2.0 루비콘 2도어,가솔린,23063,2019,무사고,흰색,경기,4790,2WD
2874,지프,체로키,3.0 디젤 오버랜드서밋,디젤,66394,2018,무사고,흰색,부산,3890,2WD
2890,지프,컴패스,70th 애니버셔리,가솔린,44340,2012,무사고,흰색,서울,1250,2WD
2947,지프,레니게이드,2.4 론지튜드,가솔린,53903,2015,무사고,흰색,경기,1830,2WD
2977,지프,컴패스,2.4 론지튜드,가솔린,20651,2019,무사고,흰색,경기,2500,2WD
3099,지프,체로키,3.6 리미티드,가솔린,13939,2020,무사고,흰색,경기,4030,2WD
3136,지프,랭글러,2.0 루비콘 4도어,가솔린,910,2021,무사고,흰색,경기,6050,2WD
3137,지프,체로키,2.4 론지튜드 하이 AWD,가솔린,41657,2019,무사고,흰색,경기,2680,AWD
3149,지프,레니게이드,2.0 디젤 리미티드 AWD,디젤,96522,2016,무사고,흰색,경기,1850,AWD
3150,지프,레니게이드,2.0 디젤 리미티드 AWD,디젤,96522,2016,무사고,흰색,경기,1850,AWD
3195,지프,랭글러,2.0 루비콘 2도어,가솔린,5223,2021,무사고,흰색,부산,5090,2WD
3225,지프,컴패스,2.4 리미티드,가솔린,47128,2018,무사고,흰색,경기,2449,2WD
3259,지프,컴패스,2.4 스포츠,가솔린,37742,2018,무사고,흰색,경기,2050,2WD
3287,지프,레니게이드,2.4 론지튜드,가솔린,33123,2017,무사고,흰색,경기,2120,2WD
3292,지프,레니게이드,2.4 리미티드,가솔린,18136,2019,무사고,흰색,경기,2799,2WD
3295,지프,레니게이드,2.4 리미티드,가솔린,9872,2020,무사고,흰색,경기,2999,2WD
3319,지프,체로키,3.0 디젤 오버랜드서밋,디젤,29618,2019,무사고,흰색,경기,4800,2WD
3322,지프,체로키,2.4 론지튜드 하이 AWD,가솔린,40615,2019,무사고,흰색,경기,2699,AWD
3395,지프,랭글러,2.8 디젤 루비콘 2도어,디젤,104128,2012,무사고,흰색,인천,2090,2WD
3420,지프,랭글러,2.0 루비콘 하이 4도어,가솔린,24303,2018,무사고,흰색,경기,9999,2WD
3425,지프,체로키,2.4 리미티드 AWD,가솔린,34159,2020,무사고,흰색,경기,3170,AWD
3435,지프,체로키,2.4 론지튜드 AWD,가솔린,125704,2016,무사고,흰색,경기,1759,AWD
3446,지프,체로키,2.2 디젤 리미티드 4WD,디젤,93797,2017,무사고,흰색,경기,2190,4WD
3492,지프,체로키,3.0 디젤 라레도,디젤,129208,2012,무사고,흰색,경기,1520,2WD
3661,지프,체로키,2.4 론지튜드 하이 AWD,가솔린,50562,2018,무사고,흰색,경기,2570,AWD
3699,지프,랭글러,3.6 스포츠 2도어,가솔린,85812,2017,무사고,흰색,경기,2630,2WD
3700,지프,랭글러,2.0 루비콘 2도어,가솔린,27477,2019,무사고,흰색,광주,4750,2WD
3882,지프,컴패스,2.4 리미티드,가솔린,35987,2018,무사고,흰색,경기,2490,2WD
3916,지프,랭글러,2.0 루비콘 2도어,가솔린,7013,2021,무사고,흰색,경기,5290,2WD
3935,지프,레니게이드,2.0 디젤 리미티드 AWD,디젤,71244,2016,무사고,흰색,서울,2000,AWD
3978,지프,체로키,3.6 리미티드-X,가솔린,12787,2020,무사고,흰색,경기,4490,2WD
3979,지프,체로키,3.6 오버랜드,가솔린,13868,2020,무사고,흰색,경기,4690,2WD
3984,지프,체로키,3.0 디젤 오버랜드서밋,디젤,22664,2019,무사고,흰색,경기,5030,2WD
3986,지프,체로키,3.6 리미티드,가솔린,80060,2018,무사고,흰색,경기,2800,2WD
3988,지프,랭글러,4.0,가솔린,125183,2005,무사고,흰색,경기,2300,2WD
3997,지프,체로키,3.0 디젤 오버랜드서밋,디젤,108391,2015,무사고,흰색,경기,3000,2WD
4022,지프,체로키,2.4 론지튜드 하이 AWD,가솔린,80335,2019,무사고,흰색,경기,2300,AWD
4038,지프,랭글러,2.0 루비콘 2도어,가솔린,8335,2021,무사고,흰색,경기,5270,2WD
4060,지프,체로키,2.4 론지튜드 하이 AWD,가솔린,49550,2019,무사고,흰색,경기,2750,AWD
4069,지프,체로키,3.0 디젤 오버랜드서밋,디젤,69668,2015,무사고,흰색,경기,3250,2WD
4084,지프,체로키,3.6 오버랜드,가솔린,21441,2019,무사고,흰색,경기,4260,2WD
4106,지프,체로키,2.4 론지튜드 AWD,가솔린,50216,2019,무사고,흰색,충남,2600,AWD
4136,지프,컴패스,2.4 리미티드,가솔린,80252,2012,무사고,흰색,경기,880,2WD
4173,지프,체로키,2.4 리미티드 2WD,가솔린,7696,2020,무사고,흰색,서울,3350,2WD
4176,지프,체로키,3.6 오버랜드,가솔린,9972,2020,무사고,흰색,경기,4730,2WD
4225,지프,체로키,2.4 론지튜드 하이 AWD,가솔린,79340,2018,무사고,흰색,경기,2030,AWD
4269,지프,랭글러,3.6 스포츠 2도어,가솔린,65441,2016,무사고,흰색,서울,2750,2WD
4294,지프,체로키,2.0 디젤 리미티드 4WD,디젤,113583,2015,무사고,흰색,광주,1640,4WD
4376,지프,체로키,3.6 리미티드,가솔린,74904,2018,무사고,흰색,서울,2890,2WD
4477,지프,글래디에이터,3.6 루비콘,가솔린,2448,2021,무사고,흰색,대구,6488,2WD
4521,지프,랭글러,2.0 오버랜드 파워 탑 4도어,가솔린,1316,2021,무사고,흰색,경기,5990,2WD
4526,지프,체로키,3.6 리미티드-X,가솔린,44521,2019,무사고,흰색,경기,3990,2WD
4605,지프,체로키,3.6 리미티드,가솔린,22956,2020,무사고,흰색,경기,4020,2WD
4709,지프,체로키,2.0 디젤 론지튜드 AWD,디젤,63464,2015,무사고,흰색,경기,1810,AWD
4727,지프,랭글러,3.6 스포츠 2도어,가솔린,97756,2014,무사고,흰색,인천,2290,2WD
4739,지프,랭글러,3.6 루비콘 4도어,가솔린,83772,2016,무사고,흰색,대구,3590,2WD
4813,지프,체로키,3.0 디젤 리미티드,디젤,86942,2015,무사고,흰색,경기,2470,2WD
4814,지프,컴패스,2.4 리미티드,가솔린,179793,2014,무사고,흰색,대구,950,2WD
4860,지프,체로키,3.6 리미티드,가솔린,51281,2018,무사고,흰색,경기,3290,2WD
4908,지프,체로키,3.6 오버랜드,가솔린,22406,2019,무사고,흰색,경기,4090,2WD
4939,지프,체로키,2.4 론지튜드 하이 AWD,가솔린,43911,2019,무사고,흰색,광주,2720,AWD
4968,지프,체로키,3.0 디젤 오버랜드,디젤,92170,2014,무사고,흰색,광주,2650,2WD
4979,지프,체로키,2.2 디젤 론지튜드 AWD,디젤,34417,2016,무사고,흰색,대구,2320,AWD
4984,지프,컴패스,2.4 리미티드,가솔린,14670,2019,무사고,흰색,서울,2750,2WD
4993,지프,랭글러,3.6 루비콘 2도어,가솔린,18713,2017,무사고,흰색,경기,3400,2WD
5034,지프,컴패스,2.4 리미티드,가솔린,84167,2012,무사고,흰색,서울,920,2WD
5166,지프,체로키,2.4 론지튜드 AWD,가솔린,31214,2019,무사고,흰색,경기,2680,AWD
5209,지프,체로키,2.4 리미티드 AWD,가솔린,13341,2020,무사고,흰색,경기,3450,AWD
5218,지프,랭글러,2.8 디젤 루비콘 2도어,디젤,158794,2012,무사고,흰색,경기,2090,2WD
5219,지프,랭글러,3.6 스포츠 2도어,가솔린,16873,2017,무사고,흰색,경기,2990,2WD
5244,지프,컴패스,2.4 리미티드,가솔린,23628,2019,무사고,흰색,경기,2700,2WD
5310,지프,체로키,2.4 리미티드 AWD,가솔린,4550,2021,무사고,흰색,경기,3850,AWD
5410,지프,컴패스,2.4 리미티드,가솔린,13061,2019,무사고,흰색,서울,2790,2WD
5470,지프,글래디에이터,3.6 루비콘,가솔린,9923,2021,무사고,흰색,경기,6350,2WD
5492,지프,레니게이드,2.4 리미티드,가솔린,9293,2019,무사고,흰색,경기,2820,2WD
5536,지프,체로키,3.6 리미티드,가솔린,936,2021,무사고,흰색,경기,4350,2WD
5539,지프,체로키,3.6 리미티드,가솔린,36,2021,무사고,흰색,경기,4350,2WD
5540,지프,체로키,2.0 디젤 론지튜드 AWD,디젤,75701,2015,무사고,흰색,서울,1750,AWD
5547,지프,레니게이드,2.4 론지튜드,가솔린,31007,2017,무사고,흰색,서울,1890,2WD
5648,지프,체로키,3.6 오버랜드,가솔린,21408,2020,무사고,흰색,서울,4500,2WD
5706,지프,체로키,3.0 디젤 오버랜드,디젤,62372,2013,무사고,흰색,서울,2650,2WD
5800,지프,랭글러,3.6 루비콘 4도어,가솔린,88055,2016,무사고,흰색,경기,3290,2WD
5819,지프,레니게이드,2.4 론지튜드,가솔린,14269,2020,무사고,흰색,경기,2790,2WD
5878,지프,레니게이드,2.0 디젤 리미티드 AWD,디젤,85722,2017,무사고,흰색,경기,2100,AWD
5920,지프,체로키,3.0 디젤 리미티드,디젤,38042,2016,무사고,흰색,경기,3390,2WD
5945,지프,체로키,2.0 디젤 론지튜드 AWD,디젤,125851,2015,무사고,흰색,경기,1599,AWD
5971,지프,컴패스,2.4 론지튜드,가솔린,29906,2018,무사고,흰색,경기,2350,2WD
6069,지프,체로키,2.4 론지튜드 AWD,가솔린,109054,2016,무사고,흰색,경기,1790,AWD
6091,지프,컴패스,2.4 리미티드,가솔린,78667,2015,무사고,흰색,경기,1370,2WD
6133,지프,랭글러,2.0 루비콘 파워 탑 4도어,가솔린,50456,2019,무사고,흰색,경기,5950,2WD
6207,지프,체로키,2.4 리미티드 2WD,가솔린,92174,2014,무사고,흰색,경기,1650,2WD
6317,지프,컴패스,2.4 리미티드,가솔린,32267,2019,무사고,흰색,경기,2350,2WD
6318,지프,컴패스,2.4 리미티드,가솔린,15599,2019,무사고,흰색,서울,2442,2WD
6347,지프,랭글러,2.0 루비콘 4도어,가솔린,5817,2021,무사고,흰색,경기,6050,2WD
6361,지프,체로키,3.6 오버랜드,가솔린,10192,2020,무사고,흰색,울산,4700,2WD
6401,지프,체로키,2.4 론지튜드 AWD,가솔린,57758,2016,무사고,흰색,경기,1950,AWD
6421,지프,체로키,3.0 디젤 리미티드,디젤,179002,2014,무사고,흰색,경기,1790,2WD
6465,지프,체로키,2.2 디젤 리미티드 4WD,디젤,136492,2016,무사고,흰색,인천,1900,4WD
6581,지프,랭글러,3.6 스포츠 2도어,가솔린,51801,2017,무사고,흰색,경기,2590,2WD
6603,지프,레니게이드,2.4 리미티드,가솔린,12606,2019,무사고,흰색,경기,2740,2WD
6758,지프,체로키,3.6 오버랜드,가솔린,159965,2012,무사고,흰색,경기,1390,2WD
6775,지프,랭글러,2.0 루비콘 2도어,가솔린,15320,2020,무사고,흰색,경기,4999,2WD
6894,지프,체로키,3.0 디젤 오버랜드서밋,디젤,14981,2019,무사고,흰색,경기,5100,2WD
6983,지프,체로키,3.0 디젤 오버랜드,디젤,49888,2015,무사고,흰색,경기,3280,2WD
7162,지프,컴패스,2.4 리미티드,가솔린,34470,2018,무사고,기타,경기,2420,2WD
7178,지프,랭글러,2.8 디젤 사하라 4도어,디젤,115374,2014,무사고,기타,경기,2900,2WD
7381,지프,랭글러,2.0 루비콘 하이 4도어,가솔린,33744,2019,무사고,기타,충남,5190,2WD
7533,지프,글래디에이터,3.6 루비콘,가솔린,7290,2021,무사고,기타,경기,6040,2WD
7537,지프,레니게이드,2.4 리미티드,가솔린,9366,2019,무사고,기타,경기,2799,2WD
7585,지프,체로키,3.0 디젤 라레도,디젤,131422,2013,무사고,기타,경기,2250,2WD
7653,지프,체로키,2.2 디젤 리미티드 4WD,디젤,59166,2016,무사고,기타,대구,2380,4WD
7809,지프,랭글러,4.0,가솔린,111158,2005,무사고,기타,경기,1950,2WD
7860,지프,랭글러,2.8 디젤 루비콘 2도어,디젤,65457,2009,무사고,기타,서울,2130,2WD
7862,지프,레니게이드,2.4 론지튜드,가솔린,49331,2016,무사고,기타,광주,1820,2WD
7863,지프,컴패스,2.4 리미티드,가솔린,114027,2014,무사고,기타,경기,980,2WD
7875,지프,랭글러,3.6 스포츠 2도어,가솔린,42127,2015,무사고,기타,인천,2530,2WD
7878,지프,글래디에이터,3.6 루비콘,가솔린,8129,2020,무사고,기타,경기,5990,2WD
7890,지프,랭글러,2.8 디젤 루비콘 4도어,디젤,84599,2008,무사고,기타,경기,1899,2WD
7914,지프,랭글러,2.0 사하라 4도어,가솔린,35015,2018,무사고,기타,경기,4590,2WD
7917,지프,컴패스,2.4 리미티드,가솔린,45457,2019,무사고,기타,경기,2550,2WD
7919,지프,체로키,2.0 디젤 론지튜드 AWD,디젤,87072,2014,무사고,기타,경기,1550,AWD
7934,지프,랭글러,2.0 사하라 4도어,가솔린,17989,2018,무사고,기타,경기,4890,2WD
7935,지프,레니게이드,2.4 리미티드,가솔린,12717,2020,무사고,기타,경기,2950,2WD
7936,지프,랭글러,2.8 디젤 루비콘 4도어,디젤,86863,2015,무사고,기타,대구,3355,2WD
7942,지프,레니게이드,2.4 리미티드,가솔린,17238,2019,무사고,기타,경기,2750,2WD
7958,지프,레니게이드,2.0 디젤 리미티드 하이 AWD,디젤,27017,2019,무사고,기타,경기,2780,AWD
7962,지프,랭글러,2.8 디젤 사하라 2도어,디젤,109602,2012,무사고,기타,충남,2335,2WD
7963,지프,랭글러,2.0 루비콘 2도어,가솔린,15956,2020,무사고,기타,경기,4850,2WD
7983,지프,레니게이드,2.4 론지튜드,가솔린,72562,2016,무사고,기타,경기,1720,2WD
7991,지프,체로키,3.0 디젤 오버랜드,디젤,158940,2014,무사고,기타,광주,1980,2WD
7995,지프,레니게이드,2.0 디젤 론지튜드 AWD,디젤,47004,2016,무사고,기타,경기,1920,AWD
8016,지프,랭글러,2.8 디젤 루비콘 4도어,디젤,69890,2015,무사고,기타,경기,3450,2WD
8022,지프,랭글러,3.6 윈터 에디션,가솔린,111222,2017,무사고,기타,광주,3200,2WD
8038,지프,글래디에이터,3.6 루비콘,가솔린,23,2021,무사고,기타,서울,6400,2WD
8047,지프,랭글러,3.6 스포츠 2도어,가솔린,58281,2017,무사고,기타,경기,3490,2WD
8052,지프,랭글러,3.6 스포츠 2도어,가솔린,82692,2014,무사고,기타,경기,2190,2WD
8063,지프,랭글러,4.0,가솔린,176422,2003,무사고,기타,경기,1850,2WD
8065,지프,랭글러,3.6 루비콘 4도어,가솔린,180394,2016,무사고,기타,경기,2390,2WD
8067,지프,랭글러,3.6 루비콘 2도어,가솔린,39667,2017,무사고,기타,경기,3150,2WD
8086,지프,체로키,2.4 론지튜드 AWD,가솔린,35053,2017,무사고,기타,경기,1990,AWD
8105,지프,랭글러,3.6 루비콘 4도어,가솔린,33582,2016,무사고,기타,서울,3600,2WD
8127,지프,레니게이드,2.0 디젤 론지튜드 AWD,디젤,111446,2016,무사고,기타,경기,1530,AWD
8128,지프,컴패스,2.4 론지튜드,가솔린,25430,2018,무사고,기타,경기,2050,2WD
8145,지프,랭글러,3.6 루비콘 4도어,가솔린,45860,2017,무사고,기타,경기,4200,2WD
8146,지프,랭글러,2.8 디젤 모압 에디션,디젤,66841,2013,무사고,기타,경기,3890,2WD
8151,지프,랭글러,2.8 디젤 루비콘 4도어,디젤,139599,2011,무사고,기타,경기,2100,2WD
8164,지프,컴패스,2.4 리미티드,가솔린,19204,2018,무사고,기타,경기,2590,2WD
8166,지프,레니게이드,2.0 디젤 론지튜드 AWD,디젤,95223,2016,무사고,기타,광주,1680,AWD
8168,지프,랭글러,3.6 스포츠 2도어,가솔린,85751,2016,무사고,기타,인천,2550,2WD
8173,지프,랭글러,2.0 스포츠 4도어 윌리스 에디션,가솔린,18680,2020,무사고,기타,경기,4730,2WD
8179,지프,체로키,3.0 디젤 오버랜드,디젤,106222,2015,무사고,기타,경기,2300,2WD
8213,지프,체로키,3.6 라레도,가솔린,219086,2012,무사고,흰색,충남,970,2WD
8222,지프,체로키,2.0 디젤 론지튜드 AWD,디젤,113284,2015,무사고,흰색,서울,1500,AWD
8275,지프,컴패스,2.4 리미티드,가솔린,9716,2019,무사고,흰색,서울,2950,2WD
8372,지프,랭글러,4.0,가솔린,127221,1992,무사고,기타,경기,3500,2WD
8380,지프,체로키,3.0 디젤 오버랜드서밋,디젤,97643,2014,무사고,기타,경기,2590,2WD
8450,지프,레니게이드,2.4 리미티드,가솔린,20856,2019,무사고,기타,광주,2600,2WD
8453,지프,레니게이드,2.4 리미티드,가솔린,14067,2019,무사고,기타,대전,2750,2WD
8454,지프,레니게이드,2.4 론지튜드,가솔린,26166,2018,무사고,기타,경기,2099,2WD
8459,지프,랭글러,2.0 루비콘 하이 4도어,가솔린,31395,2019,무사고,기타,경기,5890,2WD
8483,지프,컴패스,2.4 론지튜드,가솔린,28391,2018,무사고,회색,인천,2299,2WD
8521,지프,체로키,2.0 디젤 론지튜드 AWD,디젤,80684,2015,무사고,회색,경기,1590,AWD
8526,지프,랭글러,3.6 스포츠 2도어,가솔린,24481,2017,무사고,회색,경기,2920,2WD
8614,지프,체로키,3.0 디젤 오버랜드,디젤,143779,2012,무사고,회색,인천,1590,2WD
8621,지프,체로키,3.6 오버랜드,가솔린,33420,2019,무사고,회색,인천,4120,2WD
8630,지프,체로키,3.6 리미티드,가솔린,7273,2020,무사고,회색,대구,3950,2WD
8646,지프,랭글러,2.8 디젤 루비콘 4도어,디젤,77941,2013,무사고,회색,서울,3980,2WD
8666,지프,랭글러,2.0 오버랜드 4도어,가솔린,29537,2019,무사고,회색,경기,5250,2WD
8691,지프,체로키,3.6 리미티드,가솔린,53193,2018,무사고,회색,경기,3149,2WD
8695,지프,체로키,2.4 론지튜드 하이 AWD,가솔린,39891,2018,무사고,회색,경기,2149,AWD
8719,지프,레니게이드,2.4 론지튜드,가솔린,68382,2016,무사고,회색,경기,1750,2WD
8725,지프,체로키,3.6 오버랜드,가솔린,22282,2020,무사고,회색,충남,4300,2WD
8731,지프,랭글러,2.0 루비콘 2도어,가솔린,6615,2020,무사고,회색,광주,5140,2WD
8760,지프,체로키,3.0 디젤 라레도,디젤,180018,2012,무사고,회색,인천,1070,2WD
8762,지프,체로키,2.4 론지튜드 AWD,가솔린,37006,2017,무사고,회색,경기,2290,AWD
8791,지프,체로키,2.0 디젤 론지튜드 AWD,디젤,122372,2015,무사고,회색,경기,1490,AWD
8858,지프,체로키,3.0 디젤 오버랜드서밋,디젤,122174,2015,무사고,회색,광주,2890,2WD
8861,지프,체로키,2.0 디젤 론지튜드 AWD,디젤,111874,2015,무사고,회색,부산,1590,AWD
8882,지프,레니게이드,2.0 디젤 리미티드 AWD,디젤,80794,2016,무사고,회색,서울,1980,AWD
8883,지프,랭글러,2.0 오버랜드 파워 탑 4도어,가솔린,32521,2020,무사고,회색,경기,5750,2WD
8917,지프,체로키,2.2 디젤 리미티드 4WD,디젤,114333,2016,무사고,회색,광주,1950,4WD
8942,지프,글래디에이터,3.6 루비콘,가솔린,4876,2021,무사고,회색,경기,6100,2WD
8955,지프,체로키,3.6 서밋,가솔린,8109,2020,무사고,회색,광주,5090,2WD
8962,지프,레니게이드,2.4 리미티드,가솔린,4257,2021,무사고,회색,경기,3180,2WD
8965,지프,체로키,2.0 디젤 리미티드 4WD,디젤,112897,2014,무사고,회색,인천,1390,4WD
8970,지프,컴패스,2.4 리미티드,가솔린,182889,2014,무사고,회색,서울,780,2WD
8971,지프,컴패스,2.4 리미티드,가솔린,56001,2015,무사고,회색,경기,1490,2WD
8975,지프,체로키,3.0 디젤 오버랜드서밋,디젤,51526,2019,무사고,회색,부산,4650,2WD
8979,지프,체로키,3.0 디젤 오버랜드,디젤,124331,2014,무사고,회색,전북,2350,2WD
8986,지프,체로키,2.4 론지튜드 하이 AWD,가솔린,23510,2019,무사고,회색,광주,2900,AWD
9001,지프,컴패스,2.4 리미티드,가솔린,34448,2018,무사고,회색,경기,2470,2WD
9006,지프,레니게이드,2.4 리미티드,가솔린,39564,2019,무사고,회색,경기,2600,2WD
9022,지프,레니게이드,2.0 디젤 트레일호크 AWD,디젤,87487,2017,무사고,회색,서울,1890,AWD
9036,지프,컴패스,2.4 리미티드,가솔린,135816,2011,무사고,회색,인천,740,2WD
9051,지프,컴패스,2.4 리미티드,가솔린,35824,2018,무사고,회색,경기,2529,2WD
9153,지프,체로키,2.4 론지튜드 하이 AWD,가솔린,25162,2019,무사고,회색,서울,2830,AWD
9170,지프,체로키,3.6 서밋,가솔린,30070,2019,무사고,회색,경기,4500,2WD
9185,지프,랭글러,2.0 오버랜드 파워 탑 4도어,가솔린,32082,2020,무사고,회색,경기,5690,2WD
9214,지프,체로키,3.6 리미티드,가솔린,74271,2018,무사고,회색,경기,2980,2WD
9247,지프,체로키,3.6 리미티드,가솔린,32440,2018,무사고,회색,경기,3290,2WD
9267,지프,체로키,3.6 오버랜드,가솔린,33930,2019,무사고,회색,경기,3900,2WD
9361,지프,컴패스,2.4 리미티드,가솔린,15826,2018,무사고,회색,경기,2759,2WD
9371,지프,랭글러,3.6 사하라 4도어,가솔린,72710,2017,무사고,회색,경기,3399,2WD
9395,지프,체로키,3.6 리미티드,가솔린,75005,2017,무사고,회색,부산,2890,2WD
9397,지프,체로키,2.4 론지튜드 AWD,가솔린,68973,2015,무사고,회색,서울,1720,AWD
9409,지프,컴패스,2.4 리미티드,가솔린,105183,2011,무사고,회색,경기,710,2WD
9550,지프,컴패스,2.4 블랙 에디션,가솔린,64195,2013,무사고,회색,경기,1130,2WD
9563,지프,체로키,3.0 디젤 리미티드,디젤,75575,2014,무사고,회색,경기,2490,2WD
9574,지프,컴패스,2.4 리미티드,가솔린,136155,2014,무사고,회색,서울,899,2WD
9599,지프,컴패스,2.4 리미티드,가솔린,82500,2018,무사고,회색,경기,2250,2WD
9637,지프,랭글러,3.6 스포츠 2도어,가솔린,102845,2014,무사고,회색,경기,2180,2WD
9666,지프,체로키,2.4 론지튜드 하이 AWD,가솔린,99826,2019,무사고,회색,경기,2260,AWD
9667,지프,체로키,2.4 론지튜드 하이 AWD,가솔린,83938,2019,무사고,회색,경기,2120,AWD
9684,지프,체로키,3.0 디젤 라레도,디젤,120708,2013,무사고,회색,서울,1380,2WD
9698,지프,체로키,3.6 오버랜드,가솔린,51203,2019,무사고,회색,부산,3830,2WD
9726,지프,체로키,2.4 론지튜드 AWD,가솔린,99748,2017,무사고,회색,경기,1830,AWD
9736,지프,체로키,3.6 리미티드,가솔린,109645,2018,무사고,회색,부산,2750,2WD
9749,지프,체로키,2.4 론지튜드 하이 AWD,가솔린,29858,2019,무사고,회색,경기,2630,AWD
9755,지프,체로키,3.0 디젤 오버랜드서밋,디젤,106043,2016,무사고,회색,경기,3190,2WD
9803,지프,체로키,2.4 론지튜드 AWD,가솔린,47536,2018,무사고,회색,경기,2180,AWD
9823,지프,체로키,3.6 리미티드,가솔린,35069,2019,무사고,회색,경기,3690,2WD
9841,지프,랭글러,2.5,가솔린,201471,1995,무사고,회색,경기,1350,2WD
9868,지프,레니게이드,2.0 디젤 론지튜드 AWD,디젤,64338,2016,무사고,회색,부산,1990,AWD
9894,지프,체로키,2.4 론지튜드 AWD,가솔린,113529,2014,무사고,회색,울산,1430,AWD
9920,지프,체로키,2.4 론지튜드 하이 AWD,가솔린,26505,2019,무사고,회색,대구,2690,AWD
9928,지프,체로키,2.4 론지튜드 하이 AWD,가솔린,63750,2018,무사고,회색,서울,2370,AWD
10109,지프,컴패스,2.4 리미티드,가솔린,46410,2014,무사고,기타,경기,1270,2WD
10113,지프,체로키,3.0 디젤 오버랜드,디젤,230674,2014,무사고,기타,울산,1650,2WD
10129,지프,랭글러,2.8 디젤 사하라 4도어,디젤,127980,2013,무사고,기타,경기,2650,2WD
10141,지프,레니게이드,2.0 디젤 론지튜드 AWD,디젤,75494,2017,무사고,기타,부산,1990,AWD
10150,지프,체로키,3.0 디젤 라레도,디젤,118568,2011,무사고,기타,경기,1399,2WD
10183,지프,체로키,3.0 디젤 오버랜드,디젤,172344,2013,무사고,회색,충남,1750,2WD
10252,지프,컴패스,2.4 리미티드,가솔린,113706,2010,무사고,회색,인천,630,2WD
10294,지프,컴패스,2.4 리미티드,가솔린,388583,2008,무사고,회색,인천,290,2WD
10366,지프,랭글러,2.0 루비콘 하이 4도어,가솔린,34861,2018,무사고,회색,경기,5290,2WD
10385,지프,체로키,3.0 디젤 오버랜드,디젤,179644,2012,무사고,회색,대구,1450,2WD
10408,지프,랭글러,2.8 디젤 사하라 4도어,디젤,129277,2014,무사고,회색,인천,2300,2WD
10463,지프,랭글러,2.8 디젤 사하라 4도어,디젤,184455,2014,무사고,회색,경기,2100,2WD
10492,지프,랭글러,2.8 디젤 사하라 4도어,디젤,240098,2013,무사고,회색,광주,1900,2WD
10526,지프,레니게이드,2.0 디젤 리미티드 AWD,디젤,128393,2016,무사고,회색,경기,1670,AWD
10540,지프,컴패스,2.4 스포츠,가솔린,167499,2012,무사고,회색,경기,590,2WD
10594,지프,레니게이드,2.0 디젤 리미티드 AWD,디젤,60862,2016,무사고,회색,경기,1890,AWD
10679,지프,랭글러,2.8 디젤 루비콘 2도어,디젤,176704,2009,무사고,회색,경기,1650,2WD
10687,지프,체로키,3.0 디젤 오버랜드,디젤,125415,2015,무사고,회색,경기,2150,2WD
10690,지프,컴패스,2.4 리미티드,가솔린,181234,2007,무사고,회색,인천,390,2WD
10736,지프,컴패스,2.4 리미티드,가솔린,63883,2014,무사고,회색,충남,1190,2WD
10825,지프,체로키,3.6 라레도,가솔린,56174,2012,무사고,회색,경기,1650,2WD
10934,지프,컴패스,2.4 리미티드,가솔린,89677,2008,무사고,회색,서울,450,2WD
10979,지프,레니게이드,2.0 디젤 리미티드 AWD,디젤,41077,2015,무사고,회색,인천,1840,AWD
10998,지프,랭글러,2.8 디젤 루비콘 4도어,디젤,157119,2012,무사고,회색,인천,1990,2WD
11104,지프,체로키,3.6 라레도,가솔린,72957,2012,무사고,회색,충남,1459,2WD
11288,지프,랭글러,2.8 디젤 루비콘 4도어,디젤,148116,2009,무사고,회색,경기,1699,2WD
11294,지프,체로키,3.0 디젤 라레도,디젤,153835,2012,무사고,회색,서울,1250,2WD
11326,지프,레니게이드,2.0 디젤 론지튜드 AWD,디젤,103528,2015,무사고,회색,경기,1559,AWD
11334,지프,랭글러,2.8 디젤 루비콘 2도어,디젤,90978,2012,무사고,회색,경기,2350,2WD
11406,지프,체로키,3.0 디젤 오버랜드,디젤,109381,2012,무사고,회색,경기,1590,2WD
11452,지프,체로키,2.0 디젤 론지튜드 AWD,디젤,96919,2015,무사고,회색,경기,1690,AWD
11457,지프,체로키,3.6 라레도,가솔린,180164,2011,무사고,회색,울산,900,2WD
11483,지프,레니게이드,2.0 디젤 트레일호크 AWD,디젤,39956,2018,무사고,회색,경기,2550,AWD
11549,지프,랭글러,2.8 디젤 루비콘 4도어,디젤,130466,2012,무사고,회색,서울,2090,2WD
11552,지프,체로키,3.6 오버랜드,가솔린,111111,2014,무사고,회색,경기,2380,2WD
11603,지프,컴패스,70th 애니버셔리,가솔린,121135,2011,무사고,회색,경기,770,2WD
11607,지프,랭글러,2.8 디젤 루비콘 4도어,디젤,160138,2009,무사고,회색,충남,1648,2WD
11608,지프,랭글러,2.8 디젤 루비콘 2도어,디젤,116789,2012,무사고,회색,경기,2280,2WD
11667,지프,체로키,3.0 디젤 오버랜드,디젤,94232,2015,무사고,회색,서울,2450,2WD
11709,지프,컴패스,70th 애니버셔리,가솔린,44732,2011,무사고,회색,경기,990,2WD
11744,지프,랭글러,3.6 루비콘 4도어,가솔린,74767,2016,무사고,기타,경기,3180,2WD
11748,지프,랭글러,3.6 스포츠 2도어,가솔린,19334,2016,무사고,기타,인천,2790,2WD
11750,지프,레니게이드,2.4 론지튜드,가솔린,17375,2018,무사고,기타,경기,2390,2WD
11762,지프,랭글러,2.0 루비콘 하이 4도어,가솔린,11091,2020,무사고,기타,경기,5750,2WD
11765,지프,레니게이드,2.0 디젤 론지튜드 AWD,디젤,79416,2016,무사고,기타,경기,1910,AWD
11773,지프,랭글러,2.8 디젤 루비콘 4도어,디젤,131201,2015,무사고,기타,대구,3200,2WD
11774,지프,랭글러,2.8 디젤 루비콘 4도어,디젤,101726,2013,무사고,기타,대구,2999,2WD
11796,지프,랭글러,2.8 디젤 루비콘 4도어,디젤,102761,2009,무사고,기타,경기,1930,2WD
34395,지프,체로키,3.6 오버랜드WK2,가솔린,78872,2015,무사고,흰색,인천,2810,2WD
34455,지프,체로키,3.6 오버랜드WK2,가솔린,78872,2015,무사고,흰색,인천,2810,2WD
34578,지프,레니게이드,1.6 디젤 리미티드,디젤,24609,2020,무사고,검정색,서울,2870,2WD
34622,지프,체로키,2.4 론지튜드 하이 AWD,가솔린,26315,2019,무사고,흰색,충남,2890,AWD
34762,지프,체로키,2.2 디젤 리미티드 4WD,디젤,40618,2017,무사고,흰색,서울,2650,4WD
34879,지프,컴패스,2.4 리미티드,가솔린,28289,2019,무사고,흰색,인천,2720,2WD
35105,지프,체로키,3.6 리미티드WK2,가솔린,65313,2017,단순교환,기타,서울,2990,2WD
35167,지프,체로키,2.4 론지튜드 하이 AWD,가솔린,32175,2019,무사고,흰색,서울,2990,AWD
35295,지프,체로키,2.4 리미티드 AWD,가솔린,10673,2020,무사고,회색,경남,3510,AWD
35337,지프,레니게이드,2.0 디젤 리미티드 AWD,디젤,50036,2015,무사고,회색,인천,1980,AWD
35365,지프,체로키,3.6 오버랜드WK2,가솔린,15318,2018,무사고,흰색,인천,4070,2WD
35489,지프,컴패스,2.4 리미티드,가솔린,29585,2019,무사고,회색,서울,2680,2WD
35559,지프,체로키,2.4 리미티드 2WD,가솔린,21768,2020,무사고,회색,인천,3180,2WD
35576,지프,체로키,3.6 리미티드WK2,가솔린,45978,2015,무사고,흰색,인천,2840,2WD
35700,지프,체로키,2.2 디젤 리미티드 4WD,디젤,74502,2018,무사고,흰색,인천,2550,4WD
35713,지프,체로키,3.6 리미티드WK2,가솔린,80704,2018,무사고,검정색,인천,2900,2WD
35774,지프,체로키,2.0 디젤 리미티드 4WD,디젤,42867,2015,단순교환,검정색,인천,2080,4WD
35811,지프,레니게이드,2.0 디젤 론지튜드 AWD,디젤,37749,2017,단순교환,기타,인천,2120,AWD
36028,지프,컴패스,2.4 리미티드,가솔린,16270,2018,무사고,흰색,서울,2620,2WD
36087,지프,체로키,2.4 론지튜드 하이 AWD,가솔린,34078,2019,무사고,회색,경북,2950,AWD
36213,지프,체로키,2.0 디젤 리미티드 4WD,디젤,76055,2015,무사고,회색,충남,1950,4WD
36366,지프,체로키,3.6 오버랜드WK2,가솔린,25994,2019,무사고,흰색,인천,4090,2WD
36368,지프,체로키,3.0 디젤 오버랜드WK2,디젤,84000,2015,무사고,흰색,인천,2810,2WD
36399,지프,체로키,2.0 디젤 리미티드 4WD,디젤,96172,2015,무사고,흰색,충남,1990,4WD
36977,지프,레니게이드,2.4 론지튜드,가솔린,49315,2018,무사고,회색,인천,2140,2WD
37036,지프,체로키,3.6 리미티드WK2,가솔린,67500,2019,무사고,흰색,충남,3380,2WD
37181,지프,체로키,3.6 오버랜드WK2,가솔린,73217,2014,무사고,회색,서울,2520,2WD
37348,지프,체로키,3.0 디젤 75th 스페셜 에디션WK2,디젤,59043,2016,무사고,회색,인천,3200,2WD
37416,지프,체로키,3.0 디젤 오버랜드WK2,디젤,49072,2015,무사고,검정색,인천,3000,2WD
37471,지프,체로키,2.2 디젤 리미티드 4WD,디젤,60404,2016,무사고,흰색,충북,2440,4WD
37582,지프,레니게이드,2.4 론지튜드 하이,가솔린,27442,2018,무사고,회색,인천,2390,2WD
37668,지프,체로키,2.4 론지튜드 하이 AWD,가솔린,38038,2019,무사고,흰색,인천,3050,AWD
37687,지프,체로키,2.4 론지튜드 AWD,가솔린,38552,2015,무사고,흰색,충북,2200,AWD
37697,지프,체로키,3.6 리미티드WK2,가솔린,34418,2018,단순교환,검정색,인천,3260,2WD
37867,지프,체로키,2.4 론지튜드 AWD,가솔린,60285,2017,무사고,기타,경남,2240,AWD
38333,지프,레니게이드,2.4 리미티드 AWD,가솔린,27508,2019,무사고,회색,인천,2870,AWD
38348,지프,레니게이드,2.4 리미티드,가솔린,22719,2019,무사고,흰색,인천,2780,2WD
38491,지프,체로키,3.6 오버랜드WK2,가솔린,44614,2015,단순교환,회색,인천,2860,2WD
39036,지프,체로키,3.6 리미티드WK2,가솔린,82811,2017,무사고,검정색,인천,2860,2WD
39402,지프,체로키,3.2 트레일호크 AWD,가솔린,5205,2020,무사고,흰색,인천,3990,AWD
39706,지프,체로키,2.4 80주년 에디션 AWD,가솔린,4471,2021,무사고,흰색,서울,3890,AWD
39747,지프,체로키,3.6 리미티드WK2,가솔린,22052,2019,무사고,흰색,서울,3630,2WD
39971,지프,컴패스,2.4 리미티드1세대,가솔린,27208,2015,무사고,회색,충북,1550,2WD
40278,지프,체로키,3.6 리미티드WK2,가솔린,95810,2015,무사고,검정색,인천,2570,2WD
40352,지프,체로키,3.6 리미티드WK2,가솔린,41851,2019,무사고,검정색,인천,3580,2WD
40359,지프,레니게이드,2.4 론지튜드 하이,가솔린,84138,2017,무사고,흰색,경북,1940,2WD
40423,지프,체로키,2.2 디젤 리미티드 4WD,디젤,45925,2018,무사고,흰색,인천,2810,4WD
40539,지프,랭글러,3.6 스포츠 2도어,가솔린,10814,2017,무사고,회색,전남,2980,2WD
40777,지프,체로키,3.6 리미티드-X,가솔린,45339,2019,무사고,흰색,인천,3790,2WD
45024,지프,체로키,2.0 디젤 론지튜드 AWD   ,디젤,72827,2015,무사고,기타,경기,1650,AWD
45025,지프,체로키,2.0 디젤 리미티드    ,디젤,119253,2017,무사고,회색,경기,2050,2WD
45026,지프,체로키,2.2 디젤 리미티드    ,디젤,64697,2017,무사고,흰색,경기,2430,2WD
45027,지프,체로키,2.2 디젤 리미티드    ,디젤,64697,2017,무사고,흰색,경기,2430,2WD
45028,지프,체로키,2.0 디젤 론지튜드 AWD   ,디젤,63000,2014,무사고,흰색,경기,1810,AWD
45029,지프,체로키(KL),2.4 가솔린 FWD Limited   ,가솔린,286,2021,무사고,회색,경기,3450,2WD
45030,지프,체로키(KL),2.4 가솔린 AWD Limited   ,가솔린,34145,2020,무사고,흰색,경기,3180,AWD
45031,지프,체로키(KL),2.4 가솔린 AWD Longitude High  ,가솔린,49180,2019,무사고,흰색,경남,3150,AWD
45032,지프,체로키(KL),2.4 가솔린 AWD Longitude High  ,가솔린,40614,2019,무사고,흰색,경기,2850,AWD
45033,지프,체로키(KL),2.4 가솔린 AWD Limited   ,가솔린,34145,2020,무사고,흰색,경기,3180,AWD
45034,지프,체로키(KL),2.4 가솔린 AWD Longitude High  ,가솔린,20994,2018,무사고,흰색,경기,2800,AWD
45035,지프,체로키(KL),2.2 디젤 AWD Overland   ,디젤,26962,2019,무사고,흰색,경기,3570,AWD
